hsa,gene_name,gene_concept,year
hsa00010,HK1,gene_3098,1945
hsa00010,GCK,gene_2645,1952
hsa00010,GPI,gene_2821,1952
hsa00010,TPI1,gene_7167,1952
hsa00010,GAPDH,gene_2597,1952
hsa00010,ENO2,gene_2026,1974
hsa00010,ENO1,gene_2023,1958
hsa00010,DLD,gene_1738,1910
hsa00010,LDHA,gene_3939,1964
hsa00010,LDHB,gene_3945,1964
hsa00010,LDHC,gene_3948,1969
hsa00010,ADH1A,gene_124,1955
hsa00010,AKR1A1,gene_10327,1938
hsa00010,PGM1,gene_5236,1968
hsa00010,PGM2,gene_55276,1961
hsa00010,G6PC1,gene_2538,1948
hsa00010,PCK1,gene_5105,1965
hsa00010,PCK2,gene_5106,1963
hsa00020,CS,gene_1431,1953
hsa00020,ACLY,gene_47,1963
hsa00020,DLD,gene_1738,1910
hsa00020,SDHB,gene_6390,1962
hsa00020,FH,gene_2271,1928
hsa00020,MDH2,gene_4191,1964
hsa00020,PC,gene_5091,1950
hsa00020,PCK1,gene_5105,1965
hsa00020,PCK2,gene_5106,1963
hsa00051,HK1,gene_3098,1945
hsa00051,KHK,gene_3795,1947
hsa00051,SORD,gene_6652,1957
hsa00051,AKR1B1,gene_231,1960
hsa00051,TPI1,gene_7167,1952
hsa00052,GALK1,gene_2584,1948
hsa00052,GALT,gene_2592,1931
hsa00052,UGP2,gene_7360,1963
hsa00052,PGM1,gene_5236,1968
hsa00052,PGM2,gene_55276,1961
hsa00052,HK1,gene_3098,1945
hsa00052,GCK,gene_2645,1952
hsa00052,G6PC1,gene_2538,1948
hsa00052,GLB1,gene_2720,1952
hsa00052,LCT,gene_3938,1804
hsa00052,LALBA,gene_3906,1955
hsa00052,GLA,gene_2717,1951
hsa00052,AKR1B1,gene_231,1960
hsa00052,GAA,gene_2548,1967
hsa00052,SI,gene_6476,1940
hsa00071,ACSBG1,gene_23205,1968
hsa00071,ADH1A,gene_124,1955
hsa00100,SQLE,gene_6713,1963
hsa00100,LBR,gene_3930,1967
hsa00100,EBP,gene_10682,1964
hsa00100,LIPA,gene_3988,1967
hsa00100,CEL,gene_1056,1948
hsa00130,TAT,gene_6898,1949
hsa00130,NQO1,gene_1728,1959
hsa00140,AKR1C2,gene_1646,1974
hsa00140,SULT1E1,gene_6783,1947
hsa00140,HSD17B1,gene_3292,1967
hsa00140,HSD17B6,gene_8630,1965
hsa00140,CYP1A2,gene_1544,1972
hsa00140,CYP1B1,gene_1545,1969
hsa00140,CYP19A1,gene_1588,1964
hsa00140,CYP7A1,gene_1581,1968
hsa00140,COMT,gene_1312,1958
hsa00230,PGM1,gene_5236,1968
hsa00230,PGM2,gene_55276,1961
hsa00230,PPAT,gene_5471,1958
hsa00230,APRT,gene_353,1964
hsa00230,NT5C2,gene_22978,1966
hsa00230,NT5E,gene_4907,1938
hsa00230,PNP,gene_4860,1953
hsa00230,HPRT1,gene_3251,1967
hsa00230,XDH,gene_7498,1950
hsa00230,GDA,gene_9615,1950
hsa00230,GUK1,gene_2987,1971
hsa00230,ADCY1,gene_107,1962
hsa00230,ADCY10,gene_55811,1975
hsa00230,PDE3B,gene_5140,1966
hsa00230,AMPD3,gene_272,1963
hsa00230,ADK,gene_132,1967
hsa00230,ADA,gene_100,1942
hsa00230,AK2,gene_204,1963
hsa00230,AK1,gene_203,1951
hsa00230,ENPP3,gene_5169,1956
hsa00230,ALLC,gene_55821,1966
hsa00232,CYP1A2,gene_1544,1972
hsa00232,XDH,gene_7498,1950
hsa00240,UMPS,gene_7372,1967
hsa00240,CMPK1,gene_51727,1965
hsa00240,ENPP3,gene_5169,1956
hsa00240,UCK2,gene_7371,1962
hsa00240,NT5C2,gene_22978,1966
hsa00240,NT5E,gene_4907,1938
hsa00240,NT5C3A,gene_51251,1931
hsa00240,CDA,gene_978,1966
hsa00240,DCTD,gene_1635,1961
hsa00240,TYMS,gene_7298,1960
hsa00260,AGXT,gene_189,1922
hsa00260,PHGDH,gene_26227,1967
hsa00260,ALAS1,gene_211,1954
hsa00260,MAOB,gene_4129,1928
hsa00260,MAOA,gene_4128,1978
hsa00260,DLD,gene_1738,1910
hsa00260,DAO,gene_1610,1940
hsa00260,GATM,gene_2628,1956
hsa00260,CHDH,gene_55349,1926
hsa00260,CBS,gene_875,1971
hsa00260,SDS,gene_10993,1965
hsa00270,CBS,gene_875,1971
hsa00270,TAT,gene_6898,1949
hsa00270,IL4I1,gene_259307,1945
hsa00270,GSS,gene_2937,1955
hsa00270,LDHA,gene_3939,1964
hsa00270,LDHB,gene_3945,1964
hsa00270,LDHC,gene_3948,1969
hsa00270,MDH2,gene_4191,1964
hsa00270,SDS,gene_10993,1965
hsa00270,PHGDH,gene_26227,1967
hsa00310,DLD,gene_1738,1910
hsa00330,GATM,gene_2628,1956
hsa00330,CKM,gene_1158,1959
hsa00330,CKB,gene_1152,1975
hsa00330,ODC1,gene_4953,1968
hsa00330,AOC1,gene_26,1932
hsa00330,CNDP2,gene_55748,1969
hsa00330,MAOB,gene_4129,1928
hsa00330,MAOA,gene_4128,1978
hsa00330,LAP3,gene_51056,1962
hsa00330,DAO,gene_1610,1940
hsa00340,HAL,gene_3034,1831
hsa00340,HDC,gene_3067,1948
hsa00340,AOC1,gene_26,1932
hsa00340,HNMT,gene_3176,1970
hsa00340,MAOB,gene_4129,1928
hsa00340,MAOA,gene_4128,1978
hsa00340,CNDP2,gene_55748,1969
hsa00350,TAT,gene_6898,1949
hsa00350,IL4I1,gene_259307,1945
hsa00350,TYR,gene_7299,1906
hsa00350,TH,gene_7054,1965
hsa00350,DDC,gene_1644,1947
hsa00350,DBH,gene_1621,1964
hsa00350,PNMT,gene_5409,1967
hsa00350,COMT,gene_1312,1958
hsa00350,MAOB,gene_4129,1928
hsa00350,MAOA,gene_4128,1978
hsa00350,ADH1A,gene_124,1955
hsa00350,TPO,gene_7173,1959
hsa00350,AOX1,gene_316,1940
hsa00350,MIF,gene_4282,1953
hsa00360,PAH,gene_5053,1920
hsa00360,DDC,gene_1644,1947
hsa00360,MAOB,gene_4129,1928
hsa00360,MAOA,gene_4128,1978
hsa00360,TAT,gene_6898,1949
hsa00360,IL4I1,gene_259307,1945
hsa00360,MIF,gene_4282,1953
hsa00380,TDO2,gene_6999,1941
hsa00380,HAAO,gene_23498,1930
hsa00380,DLD,gene_1738,1910
hsa00380,DDC,gene_1644,1947
hsa00380,MAOB,gene_4129,1928
hsa00380,MAOA,gene_4128,1978
hsa00380,AOX1,gene_316,1940
hsa00380,ASMT,gene_438,1960
hsa00380,CYP1A2,gene_1544,1972
hsa00380,CYP1B1,gene_1545,1969
hsa00380,INMT,gene_11185,1969
hsa00380,IL4I1,gene_259307,1945
hsa00380,AOC1,gene_26,1932
hsa00380,CAT,gene_847,1876
hsa00430,GAD1,gene_2571,1969
hsa00430,GGT1,gene_2678,1973
hsa00480,GGT1,gene_2678,1973
hsa00480,GSS,gene_2937,1955
hsa00480,LAP3,gene_51056,1962
hsa00480,ANPEP,gene_290,1970
hsa00480,GSTM1,gene_2944,1964
hsa00480,GSTK1,gene_373156,1975
hsa00480,GSR,gene_2936,1951
hsa00480,PGD,gene_5226,1966
hsa00480,G6PD,gene_2539,1952
hsa00480,ODC1,gene_4953,1968
hsa00500,GAA,gene_2548,1967
hsa00500,SI,gene_6476,1940
hsa00500,UGP2,gene_7360,1963
hsa00500,ENPP3,gene_5169,1956
hsa00500,PYGB,gene_5834,1968
hsa00500,AMY2A,gene_279,1948
hsa00500,AMY1A,gene_276,1937
hsa00500,TREH,gene_11181,1953
hsa00500,PGM1,gene_5236,1968
hsa00500,PGM2,gene_55276,1961
hsa00500,HK1,gene_3098,1945
hsa00500,GCK,gene_2645,1952
hsa00500,G6PC1,gene_2538,1948
hsa00500,GPI,gene_2821,1952
hsa00561,AKR1B1,gene_231,1960
hsa00561,AKR1A1,gene_10327,1938
hsa00561,GK,gene_2710,1957
hsa00561,CEL,gene_1056,1948
hsa00561,PNLIP,gene_5406,1927
hsa00561,LIPC,gene_3990,1961
hsa00561,LPL,gene_4023,1956
hsa00561,GLA,gene_2717,1951
hsa00562,PTEN,gene_5728,1800
hsa00562,INPP5D,gene_3635,1794
hsa00562,PIK3C2A,gene_5286,1962
hsa00562,TPI1,gene_7167,1952
hsa00564,LCAT,gene_3931,1966
hsa00564,PLA2G1B,gene_5319,1967
hsa00564,LPCAT3,gene_10162,1971
hsa00564,CHAT,gene_1103,1925
hsa00564,ACHE,gene_43,1941
hsa00564,CHKA,gene_1119,1972
hsa00565,PLA2G1B,gene_5319,1967
hsa00590,PLA2G1B,gene_5319,1967
hsa00590,PTGES3,gene_10728,1967
hsa00590,CBR1,gene_873,1957
hsa00590,PTGDS,gene_5730,1967
hsa00590,CYP4F3,gene_4051,1966
hsa00590,GGT1,gene_2678,1973
hsa00590,CYP2B6,gene_1555,1967
hsa00590,EPHX2,gene_2053,1955
hsa00600,SGPL1,gene_8879,1975
hsa00600,GLB1,gene_2720,1952
hsa00600,ARSA,gene_410,1967
hsa00600,NEU1,gene_4758,1948
hsa00600,GLA,gene_2717,1951
hsa00600,HEXA,gene_3073,1945
hsa00600,HEXB,gene_3074,1975
hsa00620,DLD,gene_1738,1910
hsa00620,ADH1A,gene_124,1955
hsa00620,AKR1A1,gene_10327,1938
hsa00620,LDHA,gene_3939,1964
hsa00620,LDHB,gene_3945,1964
hsa00620,LDHC,gene_3948,1969
hsa00620,GLO1,gene_2739,1957
hsa00620,HAGH,gene_3029,1956
hsa00620,ME2,gene_4200,1961
hsa00620,ME1,gene_4199,1954
hsa00620,PC,gene_5091,1950
hsa00620,MDH2,gene_4191,1964
hsa00620,FH,gene_2271,1928
hsa00620,PCK1,gene_5105,1965
hsa00620,PCK2,gene_5106,1963
hsa00670,DHFR,gene_1719,1961
hsa00670,TYMS,gene_7298,1960
hsa00760,PNP,gene_4860,1953
hsa00760,NT5C2,gene_22978,1966
hsa00760,NT5E,gene_4907,1938
hsa00760,ENPP3,gene_5169,1956
hsa00760,NADK,gene_65220,1966
hsa00760,AOX1,gene_316,1940
hsa00790,ALPI,gene_248,1951
hsa00790,ALPP,gene_250,1872
hsa00790,DHFR,gene_1719,1961
hsa00790,GGH,gene_8836,1966
hsa00790,AKR1B1,gene_231,1960
hsa00790,CBR1,gene_873,1957
hsa00790,QDPR,gene_5860,1969
hsa00790,PAH,gene_5053,1920
hsa00790,TH,gene_7054,1965
hsa00830,ADH1A,gene_124,1955
hsa00830,DHRS9,gene_10170,1956
hsa00830,HSD17B6,gene_8630,1965
hsa00830,AOX1,gene_316,1940
hsa00830,CYP1A2,gene_1544,1972
hsa00830,CYP2B6,gene_1555,1967
hsa00860,ALAS1,gene_211,1954
hsa00860,ALAD,gene_210,1962
hsa00860,HMBS,gene_3145,1961
hsa00860,UROD,gene_7389,1971
hsa00860,FECH,gene_2235,1963
hsa00860,MMAB,gene_326625,1948
hsa00860,HMOX2,gene_3163,1975
hsa00860,GUSB,gene_2990,1947
hsa00860,CP,gene_1356,1952
hsa00860,FXN,gene_2395,1880
hsa00900,HMGCR,gene_3156,1970
hsa00982,CYP2B6,gene_1555,1967
hsa00982,GSTM1,gene_2944,1964
hsa00982,GSTK1,gene_373156,1975
hsa00982,ADH1A,gene_124,1955
hsa00982,MAOB,gene_4129,1928
hsa00982,MAOA,gene_4128,1978
hsa00982,AOX1,gene_316,1940
hsa00982,CYP1A2,gene_1544,1972
hsa00983,HPRT1,gene_3251,1967
hsa00983,XDH,gene_7498,1950
hsa00983,CES1,gene_1066,1947
hsa00983,CES2,gene_8824,1853
hsa00983,GUSB,gene_2990,1947
hsa00983,CDA,gene_978,1966
hsa00983,UCK2,gene_7371,1962
hsa00983,UMPS,gene_7372,1967
hsa00983,CMPK1,gene_51727,1965
hsa00983,MPO,gene_4353,1958
hsa00983,GSTM1,gene_2944,1964
hsa02010,ABCA1,gene_19,1964
hsa02010,ABCB6,gene_10058,1950
hsa02010,ABCB7,gene_22,1975
hsa03013,RAN,gene_5901,1869
hsa03013,EEF1A1,gene_1915,1973
hsa03013,NXF1,gene_10482,1897
hsa03250,EP300,gene_2033,1975
hsa03250,KAT2B,gene_8850,1953
hsa03250,RAN,gene_5901,1869
hsa03320,APOA1,gene_335,1972
hsa03320,APOA2,gene_336,1972
hsa03320,APOC3,gene_345,1974
hsa03320,ME1,gene_4199,1954
hsa03320,CYP7A1,gene_1581,1968
hsa03320,CYP27A1,gene_1593,1973
hsa03320,LPL,gene_4023,1956
hsa03320,ACSBG1,gene_23205,1968
hsa03320,PCK1,gene_5105,1965
hsa03320,PCK2,gene_5106,1963
hsa03320,GK,gene_2710,1957
hsa03410,MPG,gene_4350,1975
hsa03410,APEX1,gene_328,1843
hsa03410,POLB,gene_5423,1973
hsa03410,POLE4,gene_56655,1959
hsa03410,PARP1,gene_142,1975
hsa04010,EGF,gene_1950,1964
hsa04010,TGFA,gene_7039,1967
hsa04010,EREG,gene_2069,1959
hsa04010,NGF,gene_4803,1964
hsa04010,INS,gene_3630,1922
hsa04010,IGF1,gene_3479,1974
hsa04010,INSR,gene_3643,1962
hsa04010,KIT,gene_3815,1885
hsa04010,MAPT,gene_4137,1925
hsa04010,TNF,gene_7124,1971
hsa04010,FLNC,gene_2318,1977
hsa04010,DDIT3,gene_1649,1976
hsa04010,NR4A1,gene_3164,1954
hsa04010,IKBKG,gene_8517,1947
hsa04010,NFKB1,gene_4790,1972
hsa04010,RELA,gene_5970,1925
hsa04012,EGF,gene_1950,1964
hsa04012,TGFA,gene_7039,1967
hsa04012,CBL,gene_867,1968
hsa04012,STAT5A,gene_6776,1931
hsa04012,SRC,gene_6714,1970
hsa04012,PAK3,gene_5063,1955
hsa04012,EREG,gene_2069,1959
hsa04014,EGF,gene_1950,1964
hsa04014,TGFA,gene_7039,1967
hsa04014,NGF,gene_4803,1964
hsa04014,INS,gene_3630,1922
hsa04014,IGF1,gene_3479,1974
hsa04014,INSR,gene_3643,1962
hsa04014,KIT,gene_3815,1885
hsa04014,CALM3,gene_808,1799
hsa04014,CALM1,gene_801,1979
hsa04014,PAK3,gene_5063,1955
hsa04014,IKBKG,gene_8517,1947
hsa04014,NFKB1,gene_4790,1972
hsa04014,RELA,gene_5970,1925
hsa04014,TBK1,gene_29110,1947
hsa04014,PLA2G1B,gene_5319,1967
hsa04014,RAPGEF5,gene_9771,1952
hsa04020,CHRM1,gene_1128,1970
hsa04020,ADRB1,gene_153,1975
hsa04020,ADRB2,gene_154,1967
hsa04020,HRH2,gene_3274,1972
hsa04020,ADCY1,gene_107,1962
hsa04020,ADRA1D,gene_146,1963
hsa04020,F2R,gene_2149,1889
hsa04020,LHCGR,gene_3973,1964
hsa04020,EGF,gene_1950,1964
hsa04020,NGF,gene_4803,1964
hsa04020,RET,gene_5979,1926
hsa04020,IGH,gene_102723407,1968
hsa04020,SLC25A6,gene_293,1898
hsa04020,CALM3,gene_808,1799
hsa04020,CALM1,gene_801,1979
hsa04020,MYLK,gene_4638,1974
hsa04022,ADRA1D,gene_146,1963
hsa04022,NPPA,gene_4878,1964
hsa04022,KCNMB2,gene_10242,1946
hsa04022,ATP1B1,gene_481,1941
hsa04022,CALM3,gene_808,1799
hsa04022,CALM1,gene_801,1979
hsa04022,MYLK,gene_4638,1974
hsa04022,ADCY1,gene_107,1962
hsa04022,PDE3B,gene_5140,1966
hsa04022,KNG1,gene_3827,1949
hsa04022,GNAI1,gene_2770,1964
hsa04022,INS,gene_3630,1922
hsa04022,INSR,gene_3643,1962
hsa04022,ADRB1,gene_153,1975
hsa04022,ADRB2,gene_154,1967
hsa04022,SLC25A6,gene_293,1898
hsa04024,VIP,gene_7432,1953
hsa04024,CRH,gene_1392,1956
hsa04024,CGA,gene_1081,1974
hsa04024,GPHA2,gene_170589,1945
hsa04024,POMC,gene_5443,1946
hsa04024,GCG,gene_2641,1947
hsa04024,GIP,gene_2695,1974
hsa04024,NPPA,gene_4878,1964
hsa04024,ADRB1,gene_153,1975
hsa04024,ADRB2,gene_154,1967
hsa04024,LHCGR,gene_3973,1964
hsa04024,TSHR,gene_7253,1974
hsa04024,SST,gene_6750,1962
hsa04024,OXT,gene_5020,1929
hsa04024,CHRM1,gene_1128,1970
hsa04024,GNAI1,gene_2770,1964
hsa04024,ADCY1,gene_107,1962
hsa04024,ADCY10,gene_55811,1975
hsa04024,CALM3,gene_808,1799
hsa04024,CALM1,gene_801,1979
hsa04024,EP300,gene_2033,1975
hsa04024,GLI1,gene_2735,1903
hsa04024,HHIP,gene_64399,1807
hsa04024,NFKB1,gene_4790,1972
hsa04024,RELA,gene_5970,1925
hsa04024,AMH,gene_268,1942
hsa04024,F2R,gene_2149,1889
hsa04024,ATP1B1,gene_481,1941
hsa04024,PDE3B,gene_5140,1966
hsa04060,CCL4,gene_6351,1954
hsa04060,CCL14,gene_6358,1961
hsa04060,CXCL8,gene_3576,1921
hsa04060,PPBP,gene_5473,1975
hsa04060,PF4,gene_5196,1955
hsa04060,IL2,gene_3558,1973
hsa04060,IL9,gene_3578,1967
hsa04060,CSF2,gene_1437,1946
hsa04060,EPO,gene_2056,1955
hsa04060,GH1,gene_2688,1932
hsa04060,CSH2,gene_1443,1905
hsa04060,PRL,gene_5617,1936
hsa04060,THPO,gene_7066,1958
hsa04060,LEP,gene_3952,1947
hsa04060,LIF,gene_3976,1931
hsa04060,IFNA1,gene_3439,1980
hsa04060,IFNB1,gene_3456,1975
hsa04060,IL17F,gene_112744,1969
hsa04060,TNF,gene_7124,1971
hsa04060,TNFSF10,gene_8743,1856
hsa04060,NGF,gene_4803,1964
hsa04060,NODAL,gene_4838,1946
hsa04060,AMH,gene_268,1942
hsa04060,PRLR,gene_5618,1974
hsa04060,IL31RA,gene_133396,1973
hsa04060,IL1RL1,gene_9173,1965
hsa04060,BMPR2,gene_659,1872
hsa04061,CCL14,gene_6358,1961
hsa04061,CCL4,gene_6351,1954
hsa04061,CXCL8,gene_3576,1921
hsa04061,PPBP,gene_5473,1975
hsa04061,PF4,gene_5196,1955
hsa04061,IL2,gene_3558,1973
hsa04061,TNF,gene_7124,1971
hsa04061,TNFSF10,gene_8743,1856
hsa04062,PPBP,gene_5473,1975
hsa04062,CXCL8,gene_3576,1921
hsa04062,PF4,gene_5196,1955
hsa04062,CCL4,gene_6351,1954
hsa04062,CCL14,gene_6358,1961
hsa04062,GNAI1,gene_2770,1964
hsa04062,ADCY1,gene_107,1962
hsa04062,SRC,gene_6714,1970
hsa04062,IKBKG,gene_8517,1947
hsa04062,NFKB1,gene_4790,1972
hsa04062,RELA,gene_5970,1925
hsa04062,WAS,gene_7454,1819
hsa04064,IGH,gene_102723407,1968
hsa04064,TNF,gene_7124,1971
hsa04064,IKBKG,gene_8517,1947
hsa04064,PARP1,gene_142,1975
hsa04064,ATM,gene_472,1959
hsa04064,NFKB1,gene_4790,1972
hsa04064,RELA,gene_5970,1925
hsa04064,BCL2A1,gene_597,1948
hsa04064,CXCL8,gene_3576,1921
hsa04064,CCL4,gene_6351,1954
hsa04064,CSNK2B,gene_1460,1952
hsa04066,RELA,gene_5970,1925
hsa04066,NFKB1,gene_4790,1972
hsa04066,INS,gene_3630,1922
hsa04066,EGF,gene_1950,1964
hsa04066,IGF1,gene_3479,1974
hsa04066,INSR,gene_3643,1962
hsa04066,EP300,gene_2033,1975
hsa04066,EPO,gene_2056,1955
hsa04066,TF,gene_7018,1948
hsa04066,NPPA,gene_4878,1964
hsa04066,HK1,gene_3098,1945
hsa04066,GAPDH,gene_2597,1952
hsa04066,ENO2,gene_2026,1974
hsa04066,ENO1,gene_2023,1958
hsa04066,LDHA,gene_3939,1964
hsa04066,LDHB,gene_3945,1964
hsa04066,LDHC,gene_3948,1969
hsa04070,PTEN,gene_5728,1800
hsa04070,INPP5D,gene_3635,1794
hsa04070,PIK3C2A,gene_5286,1962
hsa04070,CALM3,gene_808,1799
hsa04070,CALM1,gene_801,1979
hsa04071,TNF,gene_7124,1971
hsa04071,CTSD,gene_1509,1962
hsa04071,BID,gene_637,1951
hsa04071,KNG1,gene_3827,1949
hsa04071,GNAI1,gene_2770,1964
hsa04071,SGPL1,gene_8879,1975
hsa04071,PTEN,gene_5728,1800
hsa04071,NFKB1,gene_4790,1972
hsa04071,RELA,gene_5970,1925
hsa04080,CHRM1,gene_1128,1970
hsa04080,ADRA1D,gene_146,1963
hsa04080,ADRB1,gene_153,1975
hsa04080,ADRB2,gene_154,1967
hsa04080,HRH2,gene_3274,1972
hsa04080,AGT,gene_183,1958
hsa04080,GRP,gene_2922,1970
hsa04080,KNG1,gene_3827,1949
hsa04080,C3,gene_718,1953
hsa04080,C5,gene_727,1966
hsa04080,C5AR1,gene_728,1969
hsa04080,FPR1,gene_2357,1969
hsa04080,CCK,gene_885,1946
hsa04080,POMC,gene_5443,1946
hsa04080,MLN,gene_4295,1971
hsa04080,PPY,gene_5539,1975
hsa04080,NTS,gene_4922,1975
hsa04080,PDYN,gene_5173,1976
hsa04080,OXT,gene_5020,1929
hsa04080,SST,gene_6750,1962
hsa04080,TAC1,gene_6863,1947
hsa04080,AVP,gene_551,1929
hsa04080,F2,gene_2147,1913
hsa04080,CTSG,gene_1511,1948
hsa04080,PLG,gene_5340,1946
hsa04080,PRSS1,gene_5644,1970
hsa04080,F2R,gene_2149,1889
hsa04080,PMCH,gene_5367,1955
hsa04080,CGA,gene_1081,1974
hsa04080,LHCGR,gene_3973,1964
hsa04080,GPHA2,gene_170589,1945
hsa04080,TSHR,gene_7253,1974
hsa04080,CNR2,gene_1269,1971
hsa04080,GNRH1,gene_2796,1969
hsa04080,TRH,gene_7200,1961
hsa04080,CALCA,gene_796,1963
hsa04080,ADM2,gene_79924,1936
hsa04080,CALCR,gene_799,1965
hsa04080,CRH,gene_1392,1956
hsa04080,GIP,gene_2695,1974
hsa04080,GCG,gene_2641,1947
hsa04080,GHRH,gene_2691,1961
hsa04080,PTH,gene_5741,1925
hsa04080,SCT,gene_6343,1906
hsa04080,VIP,gene_7432,1953
hsa04080,NR3C1,gene_2908,1972
hsa04080,GH1,gene_2688,1932
hsa04080,CSH2,gene_1443,1905
hsa04080,LEP,gene_3952,1947
hsa04080,PRL,gene_5617,1936
hsa04080,PRLR,gene_5618,1974
hsa04110,RB1,gene_5925,1947
hsa04110,CDKN2A,gene_1029,1971
hsa04110,CDKN2B,gene_1030,1950
hsa04110,EP300,gene_2033,1975
hsa04110,ATM,gene_472,1959
hsa04114,INS,gene_3630,1922
hsa04114,IGF1,gene_3479,1974
hsa04114,PGR,gene_5241,1947
hsa04114,AR,gene_367,1970
hsa04114,ADCY1,gene_107,1962
hsa04114,CALM3,gene_808,1799
hsa04114,CALM1,gene_801,1979
hsa04115,ATM,gene_472,1959
hsa04115,CDKN2A,gene_1029,1971
hsa04115,BID,gene_637,1951
hsa04115,PMAIP1,gene_5366,1947
hsa04115,CYCS,gene_54205,1939
hsa04115,IGF1,gene_3479,1974
hsa04115,PTEN,gene_5728,1800
hsa04120,ITCH,gene_83737,1788
hsa04120,CBL,gene_867,1968
hsa04120,PML,gene_5371,1963
hsa04120,ERCC8,gene_1161,1975
hsa04120,SOCS1,gene_8651,1946
hsa04142,TCIRG1,gene_10312,1948
hsa04142,ATP6V0A2,gene_23545,1946
hsa04142,ATP6AP1,gene_537,1959
hsa04142,CTSA,gene_5476,1965
hsa04142,CTSB,gene_1508,1957
hsa04142,CTSC,gene_1075,1952
hsa04142,CTSD,gene_1509,1962
hsa04142,CTSG,gene_1511,1948
hsa04142,LGMN,gene_5641,1975
hsa04142,GLA,gene_2717,1951
hsa04142,GLB1,gene_2720,1952
hsa04142,GAA,gene_2548,1967
hsa04142,IDUA,gene_3425,1951
hsa04142,NAGA,gene_4668,1869
hsa04142,NAGLU,gene_4669,1973
hsa04142,GUSB,gene_2990,1947
hsa04142,FUCA1,gene_2517,1965
hsa04142,HEXA,gene_3073,1945
hsa04142,HEXB,gene_3074,1975
hsa04142,NEU1,gene_4758,1948
hsa04142,ARSA,gene_410,1967
hsa04142,ARSB,gene_411,1968
hsa04142,GALNS,gene_2588,1952
hsa04142,IDS,gene_3423,1968
hsa04142,LIPA,gene_3988,1967
hsa04142,ACP2,gene_53,1967
hsa04142,SLC17A5,gene_26503,1954
hsa04142,AP1M2,gene_10053,1973
hsa04144,PML,gene_5371,1963
hsa04144,CBL,gene_867,1968
hsa04144,ITCH,gene_83737,1788
hsa04144,LDLR,gene_3949,1948
hsa04144,STAMBP,gene_10617,1959
hsa04144,SRC,gene_6714,1970
hsa04144,HLA-A,gene_3105,1968
hsa04144,HLA-B,gene_3106,1975
hsa04144,HLA-C,gene_3107,1976
hsa04144,FOLR1,gene_2348,1973
hsa04144,EHD1,gene_10938,1873
hsa04144,AGAP2,gene_116986,1890
hsa04145,HLA-A,gene_3105,1968
hsa04145,HLA-B,gene_3106,1975
hsa04145,HLA-C,gene_3107,1976
hsa04145,TCIRG1,gene_10312,1948
hsa04145,ATP6V0A2,gene_23545,1946
hsa04145,ATP6AP1,gene_537,1959
hsa04145,MPO,gene_4353,1958
hsa04145,FCGR1A,gene_2209,1977
hsa04145,IGH,gene_102723407,1968
hsa04145,C1R,gene_715,1969
hsa04145,C3,gene_718,1953
hsa04145,SFTPA1,gene_653509,1813
hsa04146,AGXT,gene_189,1922
hsa04146,DAO,gene_1610,1940
hsa04146,CAT,gene_847,1876
hsa04146,SOD1,gene_6647,1958
hsa04146,EPHX2,gene_2053,1955
hsa04146,GSTK1,gene_373156,1975
hsa04146,XDH,gene_7498,1950
hsa04150,FLCN,gene_201163,1945
hsa04150,WNT2,gene_7472,1967
hsa04150,TNF,gene_7124,1971
hsa04150,INS,gene_3630,1922
hsa04150,IGF1,gene_3479,1974
hsa04150,INSR,gene_3643,1962
hsa04150,PTEN,gene_5728,1800
hsa04150,RICTOR,gene_253260,1811
hsa04151,EGF,gene_1950,1964
hsa04151,TGFA,gene_7039,1967
hsa04151,EREG,gene_2069,1959
hsa04151,NGF,gene_4803,1964
hsa04151,INS,gene_3630,1922
hsa04151,IGF1,gene_3479,1974
hsa04151,INSR,gene_3643,1962
hsa04151,KIT,gene_3815,1885
hsa04151,IGH,gene_102723407,1968
hsa04151,GH1,gene_2688,1932
hsa04151,CSH2,gene_1443,1905
hsa04151,PRL,gene_5617,1936
hsa04151,IL2,gene_3558,1973
hsa04151,IFNA1,gene_3439,1980
hsa04151,IFNB1,gene_3456,1975
hsa04151,EPO,gene_2056,1955
hsa04151,PRLR,gene_5618,1974
hsa04151,COL1A2,gene_1278,1976
hsa04151,FN1,gene_2335,1951
hsa04151,VTN,gene_7448,1966
hsa04151,TNC,gene_3371,1973
hsa04151,VWF,gene_7450,1970
hsa04151,IBSP,gene_3381,1952
hsa04151,F2R,gene_2149,1889
hsa04151,CHRM1,gene_1128,1970
hsa04151,PTEN,gene_5728,1800
hsa04151,PCK1,gene_5105,1965
hsa04151,PCK2,gene_5106,1963
hsa04151,G6PC1,gene_2538,1948
hsa04151,NR4A1,gene_3164,1954
hsa04151,IKBKG,gene_8517,1947
hsa04151,RELA,gene_5970,1925
hsa04151,NFKB1,gene_4790,1972
hsa04152,LEP,gene_3952,1947
hsa04152,G6PC1,gene_2538,1948
hsa04152,PCK1,gene_5105,1965
hsa04152,PCK2,gene_5106,1963
hsa04152,EEF2,gene_1938,1970
hsa04152,HMGCR,gene_3156,1970
hsa04152,IGF1,gene_3479,1974
hsa04152,INS,gene_3630,1922
hsa04152,INSR,gene_3643,1962
hsa04210,TNFSF10,gene_8743,1856
hsa04210,TNF,gene_7124,1971
hsa04210,BID,gene_637,1951
hsa04210,DIABLO,gene_56616,1967
hsa04210,SEPTIN4,gene_5414,1833
hsa04210,CYCS,gene_54205,1939
hsa04210,PARP1,gene_142,1975
hsa04210,EIF2S1,gene_1965,1977
hsa04210,DDIT3,gene_1649,1976
hsa04210,CTSB,gene_1508,1957
hsa04210,CTSC,gene_1075,1952
hsa04210,CTSD,gene_1509,1962
hsa04210,IKBKG,gene_8517,1947
hsa04210,NFKB1,gene_4790,1972
hsa04210,RELA,gene_5970,1925
hsa04210,BCL2A1,gene_597,1948
hsa04210,ATM,gene_472,1959
hsa04210,PMAIP1,gene_5366,1947
hsa04210,NGF,gene_4803,1964
hsa04217,TNF,gene_7124,1971
hsa04217,SLC25A6,gene_293,1898
hsa04217,GLUD1,gene_2746,1972
hsa04217,GLUL,gene_2752,1954
hsa04217,PYGB,gene_5834,1968
hsa04217,FTH1,gene_2495,1942
hsa04217,NLRP3,gene_114548,1969
hsa04217,PYCARD,gene_29108,1967
hsa04217,TNFSF10,gene_8743,1856
hsa04217,IFNA1,gene_3439,1980
hsa04217,IFNB1,gene_3456,1975
hsa04217,STAT5A,gene_6776,1931
hsa04217,PARP1,gene_142,1975
hsa04217,BID,gene_637,1951
hsa04217,H2AC18,gene_8337,1970
hsa04218,CDKN2B,gene_1030,1950
hsa04218,RB1,gene_5925,1947
hsa04218,HLA-A,gene_3105,1968
hsa04218,HLA-B,gene_3106,1975
hsa04218,HLA-C,gene_3107,1976
hsa04218,PTEN,gene_5728,1800
hsa04218,CDKN2A,gene_1029,1971
hsa04218,NBN,gene_4683,1948
hsa04218,ATM,gene_472,1959
hsa04218,NFKB1,gene_4790,1972
hsa04218,RELA,gene_5970,1925
hsa04218,CXCL8,gene_3576,1921
hsa04218,CALM3,gene_808,1799
hsa04218,CALM1,gene_801,1979
hsa04218,SLC25A6,gene_293,1898
hsa04260,TPM1,gene_7168,1974
hsa04260,CYTB,gene_4519,1948
hsa04260,CYC1,gene_1537,1949
hsa04260,COX3,gene_4514,1967
hsa04260,COX2,gene_4513,1965
hsa04260,COX8A,gene_1351,1806
hsa04260,ATP1B1,gene_481,1941
hsa04261,ADRB1,gene_153,1975
hsa04261,ADRB2,gene_154,1967
hsa04261,ADCY1,gene_107,1962
hsa04261,ATP1B1,gene_481,1941
hsa04261,CALM3,gene_808,1799
hsa04261,CALM1,gene_801,1979
hsa04261,TPM1,gene_7168,1974
hsa04261,AGT,gene_183,1958
hsa04261,ADRA1D,gene_146,1963
hsa04261,PPP1R1A,gene_5502,1974
hsa04261,GNAI1,gene_2770,1964
hsa04270,ADRA1D,gene_146,1963
hsa04270,AGT,gene_183,1958
hsa04270,AVP,gene_551,1929
hsa04270,PLA2G1B,gene_5319,1967
hsa04270,KCNMB2,gene_10242,1946
hsa04270,CALM3,gene_808,1799
hsa04270,CALM1,gene_801,1979
hsa04270,MYLK,gene_4638,1974
hsa04270,MYH14,gene_79784,1891
hsa04270,CALCA,gene_796,1963
hsa04270,ADM2,gene_79924,1936
hsa04270,ADCY1,gene_107,1962
hsa04270,NPPA,gene_4878,1964
hsa04330,DLL4,gene_54567,1947
hsa04330,EP300,gene_2033,1975
hsa04330,KAT2B,gene_8850,1953
hsa04330,ATXN1L,gene_342371,1827
hsa04340,GLI1,gene_2735,1903
hsa04340,HHIP,gene_64399,1807
hsa04350,NBL1,gene_4681,1935
hsa04350,FMOD,gene_2331,1965
hsa04350,AMH,gene_268,1942
hsa04350,NODAL,gene_4838,1946
hsa04350,BMPR2,gene_659,1872
hsa04350,EP300,gene_2033,1975
hsa04350,CDKN2B,gene_1030,1950
hsa04350,TNF,gene_7124,1971
hsa04370,SRC,gene_6714,1970
hsa04371,ADCY1,gene_107,1962
hsa04371,ADCY10,gene_55811,1975
hsa04371,GNAI1,gene_2770,1964
hsa04371,CALM3,gene_808,1799
hsa04371,CALM1,gene_801,1979
hsa04371,MYLK,gene_4638,1974
hsa04371,PDE3B,gene_5140,1966
hsa04371,PLAT,gene_5327,1962
hsa04380,TNF,gene_7124,1971
hsa04380,IKBKG,gene_8517,1947
hsa04380,RELA,gene_5970,1925
hsa04380,NFKB1,gene_4790,1972
hsa04380,IFNB1,gene_3456,1975
hsa04380,FCGR1A,gene_2209,1977
hsa04380,SPI1,gene_6688,1855
hsa04380,CALCR,gene_799,1965
hsa04380,SOCS1,gene_8651,1946
hsa04390,AFP,gene_174,1953
hsa04390,AMH,gene_268,1942
hsa04390,BMPR2,gene_659,1872
hsa04390,WNT2,gene_7472,1967
hsa04390,APC,gene_324,1955
hsa04510,COL1A2,gene_1278,1976
hsa04510,FN1,gene_2335,1951
hsa04510,VTN,gene_7448,1966
hsa04510,TNC,gene_3371,1973
hsa04510,VWF,gene_7450,1970
hsa04510,IBSP,gene_3381,1952
hsa04510,EGF,gene_1950,1964
hsa04510,IGF1,gene_3479,1974
hsa04510,EMP1,gene_2012,1970
hsa04510,SRC,gene_6714,1970
hsa04510,MYLK,gene_4638,1974
hsa04510,ACTN1,gene_87,1965
hsa04510,FLNC,gene_2318,1977
hsa04510,PTEN,gene_5728,1800
hsa04510,PAK3,gene_5063,1955
hsa04512,COL1A2,gene_1278,1976
hsa04512,FN1,gene_2335,1951
hsa04512,VTN,gene_7448,1966
hsa04512,TNC,gene_3371,1973
hsa04512,VWF,gene_7450,1970
hsa04512,IBSP,gene_3381,1952
hsa04512,HSPG2,gene_3339,1916
hsa04514,CD2,gene_914,1959
hsa04514,HLA-A,gene_3105,1968
hsa04514,HLA-B,gene_3106,1975
hsa04514,HLA-C,gene_3107,1976
hsa04514,F11R,gene_50848,1901
hsa04514,NFASC,gene_23114,1946
hsa04514,MAG,gene_4099,1958
hsa04520,SRC,gene_6714,1970
hsa04520,WAS,gene_7454,1819
hsa04520,ACTN1,gene_87,1965
hsa04520,ACP1,gene_52,1974
hsa04520,CSNK2B,gene_1460,1952
hsa04520,INSR,gene_3643,1962
hsa04520,SNAI1,gene_6615,1876
hsa04520,EP300,gene_2033,1975
hsa04540,GNAI1,gene_2770,1964
hsa04540,EGF,gene_1950,1964
hsa04540,SRC,gene_6714,1970
hsa04540,ADRB1,gene_153,1975
hsa04540,ADCY1,gene_107,1962
hsa04610,F7,gene_2155,1950
hsa04610,F3,gene_2152,1957
hsa04610,F12,gene_2161,1954
hsa04610,F11,gene_2160,1954
hsa04610,F9,gene_2158,1953
hsa04610,VWF,gene_7450,1970
hsa04610,F8,gene_2157,1954
hsa04610,F10,gene_2159,1953
hsa04610,F5,gene_2153,1955
hsa04610,F2,gene_2147,1913
hsa04610,FGB,gene_2244,1868
hsa04610,F13A1,gene_2162,1964
hsa04610,F2R,gene_2149,1889
hsa04610,PLAT,gene_5327,1962
hsa04610,PLG,gene_5340,1946
hsa04610,KLKB1,gene_3818,1965
hsa04610,KNG1,gene_3827,1949
hsa04610,SERPINA1,gene_5265,1962
hsa04610,SERPINC1,gene_462,1912
hsa04610,SERPING1,gene_710,1963
hsa04610,SERPINF2,gene_5345,1958
hsa04610,A2M,gene_2,1958
hsa04610,C1QA,gene_712,1970
hsa04610,C1R,gene_715,1969
hsa04610,C1S,gene_716,1960
hsa04610,C4A,gene_720,1962
hsa04610,C4B,gene_721,1974
hsa04610,C2,gene_717,1953
hsa04610,C3,gene_718,1953
hsa04610,CFB,gene_629,1968
hsa04610,CFD,gene_1675,1905
hsa04610,C5,gene_727,1966
hsa04610,C6,gene_729,1953
hsa04610,C7,gene_730,1964
hsa04610,C9,gene_735,1972
hsa04610,C5AR1,gene_728,1969
hsa04610,C4BPA,gene_722,1971
hsa04610,CFI,gene_3426,1973
hsa04610,CFH,gene_3075,1965
hsa04610,CD59,gene_966,1906
hsa04610,VTN,gene_7448,1966
hsa04611,F2,gene_2147,1913
hsa04611,F2R,gene_2149,1889
hsa04611,MYLK,gene_4638,1974
hsa04611,FGB,gene_2244,1868
hsa04611,GNAI1,gene_2770,1964
hsa04611,ADCY1,gene_107,1962
hsa04611,SRC,gene_6714,1970
hsa04611,COL1A2,gene_1278,1976
hsa04611,VWF,gene_7450,1970
hsa04613,ELANE,gene_1991,1968
hsa04613,MPO,gene_4353,1958
hsa04613,SLC25A6,gene_293,1898
hsa04613,IGH,gene_102723407,1968
hsa04613,FCGR1A,gene_2209,1977
hsa04613,SRC,gene_6714,1970
hsa04613,FPR1,gene_2357,1969
hsa04613,NFKB1,gene_4790,1972
hsa04613,RELA,gene_5970,1925
hsa04613,C3,gene_718,1953
hsa04613,C5,gene_727,1966
hsa04613,C5AR1,gene_728,1969
hsa04613,FGB,gene_2244,1868
hsa04613,VWF,gene_7450,1970
hsa04613,AGER,gene_177,1786
hsa04613,H2AC18,gene_8337,1970
hsa04613,H2BC21,gene_8349,1970
hsa04613,HDAC9,gene_9734,1898
hsa04613,CTSG,gene_1511,1948
hsa04613,CAMP,gene_820,1799
hsa04614,AGT,gene_183,1958
hsa04614,REN,gene_5972,1940
hsa04614,ACE,gene_1636,1949
hsa04614,CTSG,gene_1511,1948
hsa04614,ENPEP,gene_2028,1946
hsa04614,ANPEP,gene_290,1970
hsa04614,PREP,gene_5550,1893
hsa04614,CTSA,gene_5476,1965
hsa04614,MME,gene_4311,1919
hsa04614,NLN,gene_57486,1952
hsa04614,LNPEP,gene_4012,1950
hsa04620,IKBKG,gene_8517,1947
hsa04620,NFKB1,gene_4790,1972
hsa04620,RELA,gene_5970,1925
hsa04620,TNF,gene_7124,1971
hsa04620,CXCL8,gene_3576,1921
hsa04620,CCL4,gene_6351,1954
hsa04620,TBK1,gene_29110,1947
hsa04620,IFNA1,gene_3439,1980
hsa04620,IFNB1,gene_3456,1975
hsa04621,IKBKG,gene_8517,1947
hsa04621,NFKB1,gene_4790,1972
hsa04621,RELA,gene_5970,1925
hsa04621,TNF,gene_7124,1971
hsa04621,CXCL8,gene_3576,1921
hsa04621,CAMP,gene_820,1799
hsa04621,GABARAP,gene_11337,1971
hsa04621,TBK1,gene_29110,1947
hsa04621,IFNA1,gene_3439,1980
hsa04621,IFNB1,gene_3456,1975
hsa04621,PYCARD,gene_29108,1967
hsa04621,CTSB,gene_1508,1957
hsa04621,NLRP3,gene_114548,1969
hsa04621,TXN,gene_7295,1967
hsa04621,CARD16,gene_114769,1927
hsa04623,POLR3E,gene_55718,1973
hsa04623,POLR3K,gene_51728,1950
hsa04623,NFKB1,gene_4790,1972
hsa04623,RELA,gene_5970,1925
hsa04623,TBK1,gene_29110,1947
hsa04623,IFNA1,gene_3439,1980
hsa04623,IFNB1,gene_3456,1975
hsa04623,IKBKG,gene_8517,1947
hsa04623,CCL4,gene_6351,1954
hsa04623,NLRP3,gene_114548,1969
hsa04623,PYCARD,gene_29108,1967
hsa04630,IL2,gene_3558,1973
hsa04630,IL9,gene_3578,1967
hsa04630,CSF2,gene_1437,1946
hsa04630,LIF,gene_3976,1931
hsa04630,IL31RA,gene_133396,1973
hsa04630,EPO,gene_2056,1955
hsa04630,GH1,gene_2688,1932
hsa04630,CSH2,gene_1443,1905
hsa04630,PRL,gene_5617,1936
hsa04630,THPO,gene_7066,1958
hsa04630,LEP,gene_3952,1947
hsa04630,PRLR,gene_5618,1974
hsa04630,IFNA1,gene_3439,1980
hsa04630,IFNB1,gene_3456,1975
hsa04630,EGF,gene_1950,1964
hsa04630,STAT5A,gene_6776,1931
hsa04630,SOCS1,gene_8651,1946
hsa04630,SOCS2,gene_8835,1948
hsa04630,PIM1,gene_5292,1975
hsa04630,AOX1,gene_316,1940
hsa04630,GFAP,gene_2670,1972
hsa04630,EP300,gene_2033,1975
hsa04640,CSF2,gene_1437,1946
hsa04640,TNF,gene_7124,1971
hsa04640,EPO,gene_2056,1955
hsa04640,THPO,gene_7066,1958
hsa04640,DNTT,gene_1791,1967
hsa04640,KIT,gene_3815,1885
hsa04640,CD2,gene_914,1959
hsa04640,MME,gene_4311,1919
hsa04640,MS4A1,gene_931,1954
hsa04640,IGH,gene_102723407,1968
hsa04640,FCGR1A,gene_2209,1977
hsa04640,ANPEP,gene_290,1970
hsa04640,GYPA,gene_2993,1975
hsa04640,CD59,gene_966,1906
hsa04650,HLA-A,gene_3105,1968
hsa04650,HLA-B,gene_3106,1975
hsa04650,HLA-C,gene_3107,1976
hsa04650,TNF,gene_7124,1971
hsa04650,CSF2,gene_1437,1946
hsa04650,IGH,gene_102723407,1968
hsa04650,LAT2,gene_7462,1901
hsa04650,MICA,gene_100507436,1869
hsa04650,SH2D1A,gene_4068,1805
hsa04650,IFNA1,gene_3439,1980
hsa04650,IFNB1,gene_3456,1975
hsa04650,TNFSF10,gene_8743,1856
hsa04650,BID,gene_637,1951
hsa04657,NFKB1,gene_4790,1972
hsa04657,RELA,gene_5970,1925
hsa04657,IL17F,gene_112744,1969
hsa04657,TBK1,gene_29110,1947
hsa04657,IKBKG,gene_8517,1947
hsa04657,CXCL8,gene_3576,1921
hsa04657,TNF,gene_7124,1971
hsa04657,CSF2,gene_1437,1946
hsa04657,MUC5AC,gene_4586,1946
hsa04658,DLL4,gene_54567,1947
hsa04658,NFKB1,gene_4790,1972
hsa04658,RELA,gene_5970,1925
hsa04658,IKBKG,gene_8517,1947
hsa04658,IL2,gene_3558,1973
hsa04658,STAT5A,gene_6776,1931
hsa04658,MAF,gene_4094,1969
hsa04659,RORC,gene_6097,1883
hsa04659,IL17F,gene_112744,1969
hsa04659,IKBKG,gene_8517,1947
hsa04659,NFKB1,gene_4790,1972
hsa04659,RELA,gene_5970,1925
hsa04659,IL2,gene_3558,1973
hsa04659,STAT5A,gene_6776,1931
hsa04660,GRAP2,gene_9402,1952
hsa04660,PAK3,gene_5063,1955
hsa04660,IKBKG,gene_8517,1947
hsa04660,NFKB1,gene_4790,1972
hsa04660,RELA,gene_5970,1925
hsa04660,IL2,gene_3558,1973
hsa04660,CSF2,gene_1437,1946
hsa04660,TNF,gene_7124,1971
hsa04662,IGH,gene_102723407,1968
hsa04662,CD79A,gene_973,1965
hsa04662,BANK1,gene_55024,1857
hsa04662,IKBKG,gene_8517,1947
hsa04662,NFKB1,gene_4790,1972
hsa04662,RELA,gene_5970,1925
hsa04662,INPP5D,gene_3635,1794
hsa04664,IGH,gene_102723407,1968
hsa04664,INPP5D,gene_3635,1794
hsa04664,CSF2,gene_1437,1946
hsa04664,TNF,gene_7124,1971
hsa04664,ALOX5AP,gene_241,1834
hsa04666,IGH,gene_102723407,1968
hsa04666,FCGR1A,gene_2209,1977
hsa04666,WAS,gene_7454,1819
hsa04666,INPP5D,gene_3635,1794
hsa04668,TNF,gene_7124,1971
hsa04668,ITCH,gene_83737,1788
hsa04668,IKBKG,gene_8517,1947
hsa04668,RELA,gene_5970,1925
hsa04668,NFKB1,gene_4790,1972
hsa04668,CSF2,gene_1437,1946
hsa04668,LIF,gene_3976,1931
hsa04668,IFNB1,gene_3456,1975
hsa04670,F11R,gene_50848,1901
hsa04670,THY1,gene_7070,1974
hsa04670,ACTN1,gene_87,1965
hsa04670,GNAI1,gene_2770,1964
hsa04713,CALM3,gene_808,1799
hsa04713,CALM1,gene_801,1979
hsa04713,GNAI1,gene_2770,1964
hsa04713,ADCY1,gene_107,1962
hsa04713,ADCY10,gene_55811,1975
hsa04713,PER2,gene_8864,1955
hsa04721,NSF,gene_4905,1946
hsa04721,NAPA,gene_8775,1975
hsa04721,TCIRG1,gene_10312,1948
hsa04721,ATP6V0A2,gene_23545,1946
hsa04721,SLC6A3,gene_6531,1960
hsa04722,NGF,gene_4803,1964
hsa04722,NFKB1,gene_4790,1972
hsa04722,RELA,gene_5970,1925
hsa04722,CALM3,gene_808,1799
hsa04722,CALM1,gene_801,1979
hsa04723,GNAI1,gene_2770,1964
hsa04723,ADCY1,gene_107,1962
hsa04723,ND1,gene_4535,1971
hsa04723,NDUFA5,gene_4698,1948
hsa04723,NDUFB3,gene_4709,1948
hsa04723,NDUFB4,gene_4710,1956
hsa04723,NDUFB7,gene_4713,1957
hsa04724,GLS2,gene_27165,1949
hsa04724,GLS,gene_2744,1948
hsa04724,SHANK2,gene_22941,1945
hsa04724,ADCY1,gene_107,1962
hsa04724,GNAI1,gene_2770,1964
hsa04724,GLUL,gene_2752,1954
hsa04725,CHAT,gene_1103,1925
hsa04725,ACHE,gene_43,1941
hsa04725,CHRM1,gene_1128,1970
hsa04725,GNAI1,gene_2770,1964
hsa04725,ADCY1,gene_107,1962
hsa04726,DDC,gene_1644,1947
hsa04726,APP,gene_351,1928
hsa04726,GNAI1,gene_2770,1964
hsa04726,MAOB,gene_4129,1928
hsa04726,MAOA,gene_4128,1978
hsa04727,GLS2,gene_27165,1949
hsa04727,GLS,gene_2744,1948
hsa04727,GAD1,gene_2571,1969
hsa04727,ABAT,gene_18,1961
hsa04727,SRC,gene_6714,1970
hsa04727,GABARAP,gene_11337,1971
hsa04727,NSF,gene_4905,1946
hsa04727,GNAI1,gene_2770,1964
hsa04727,ADCY1,gene_107,1962
hsa04727,GLUL,gene_2752,1954
hsa04728,TH,gene_7054,1965
hsa04728,DDC,gene_1644,1947
hsa04728,CALM3,gene_808,1799
hsa04728,CALM1,gene_801,1979
hsa04728,GNAI1,gene_2770,1964
hsa04728,SLC6A3,gene_6531,1960
hsa04728,MAOB,gene_4129,1928
hsa04728,MAOA,gene_4128,1978
hsa04728,COMT,gene_1312,1958
hsa04742,SCN2A,gene_6326,1972
hsa04750,KNG1,gene_3827,1949
hsa04750,CALM3,gene_808,1799
hsa04750,CALM1,gene_801,1979
hsa04750,NGF,gene_4803,1964
hsa04750,SRC,gene_6714,1970
hsa04750,ADCY1,gene_107,1962
hsa04750,IGF1,gene_3479,1974
hsa04810,F2,gene_2147,1913
hsa04810,F2R,gene_2149,1889
hsa04810,INS,gene_3630,1922
hsa04810,EGF,gene_1950,1964
hsa04810,FN1,gene_2335,1951
hsa04810,KNG1,gene_3827,1949
hsa04810,CHRM1,gene_1128,1970
hsa04810,C5,gene_727,1966
hsa04810,C6,gene_729,1953
hsa04810,C7,gene_730,1964
hsa04810,C9,gene_735,1972
hsa04810,SRC,gene_6714,1970
hsa04810,PAK3,gene_5063,1955
hsa04810,MYLK,gene_4638,1974
hsa04810,MYH14,gene_79784,1891
hsa04810,ACTN1,gene_87,1965
hsa04810,APC,gene_324,1955
hsa04910,INS,gene_3630,1922
hsa04910,INSR,gene_3643,1962
hsa04910,CALM3,gene_808,1799
hsa04910,CALM1,gene_801,1979
hsa04910,PYGB,gene_5834,1968
hsa04910,PDE3B,gene_5140,1966
hsa04910,CBL,gene_867,1968
hsa04910,HK1,gene_3098,1945
hsa04910,GCK,gene_2645,1952
hsa04910,G6PC1,gene_2538,1948
hsa04910,PCK1,gene_5105,1965
hsa04910,PCK2,gene_5106,1963
hsa04910,SOCS1,gene_8651,1946
hsa04910,SOCS2,gene_8835,1948
hsa04911,GCK,gene_2645,1952
hsa04911,ATP1B1,gene_481,1941
hsa04911,KCNMB2,gene_10242,1946
hsa04911,GCG,gene_2641,1947
hsa04911,GIP,gene_2695,1974
hsa04911,ADCY1,gene_107,1962
hsa04911,INS,gene_3630,1922
hsa04911,CCK,gene_885,1946
hsa04912,GNRH1,gene_2796,1969
hsa04912,ADCY1,gene_107,1962
hsa04912,CALM3,gene_808,1799
hsa04912,CALM1,gene_801,1979
hsa04912,SRC,gene_6714,1970
hsa04912,CGA,gene_1081,1974
hsa04914,PGR,gene_5241,1947
hsa04914,GNAI1,gene_2770,1964
hsa04914,ADCY1,gene_107,1962
hsa04914,INS,gene_3630,1922
hsa04914,IGF1,gene_3479,1974
hsa04914,PDE3B,gene_5140,1966
hsa04915,ESR1,gene_2099,1967
hsa04915,ESR2,gene_2100,1915
hsa04915,KRT12,gene_3859,1964
hsa04915,CTSD,gene_1509,1962
hsa04915,PGR,gene_5241,1947
hsa04915,TGFA,gene_7039,1967
hsa04915,SRC,gene_6714,1970
hsa04915,ADCY1,gene_107,1962
hsa04915,GNAI1,gene_2770,1964
hsa04915,POMC,gene_5443,1946
hsa04915,CALM3,gene_808,1799
hsa04915,CALM1,gene_801,1979
hsa04916,POMC,gene_5443,1946
hsa04916,ADCY1,gene_107,1962
hsa04916,EP300,gene_2033,1975
hsa04916,WNT2,gene_7472,1967
hsa04916,KIT,gene_3815,1885
hsa04916,TYR,gene_7299,1906
hsa04916,GNAI1,gene_2770,1964
hsa04916,CALM3,gene_808,1799
hsa04916,CALM1,gene_801,1979
hsa04917,PRL,gene_5617,1936
hsa04917,PRLR,gene_5618,1974
hsa04917,SRC,gene_6714,1970
hsa04917,GALT,gene_2592,1931
hsa04917,SOCS1,gene_8651,1946
hsa04917,SOCS2,gene_8835,1948
hsa04917,STAT5A,gene_6776,1931
hsa04917,NFKB1,gene_4790,1972
hsa04917,RELA,gene_5970,1925
hsa04917,CGA,gene_1081,1974
hsa04917,LHCGR,gene_3973,1964
hsa04917,ESR1,gene_2099,1967
hsa04917,ESR2,gene_2100,1915
hsa04917,TH,gene_7054,1965
hsa04917,GCK,gene_2645,1952
hsa04917,INS,gene_3630,1922
hsa04918,CGA,gene_1081,1974
hsa04918,TSHR,gene_7253,1974
hsa04918,ADCY1,gene_107,1962
hsa04918,TTF2,gene_8458,1962
hsa04918,TG,gene_7038,1925
hsa04918,TPO,gene_7173,1959
hsa04918,ATP1B1,gene_481,1941
hsa04918,GSR,gene_2936,1951
hsa04918,ALB,gene_213,1876
hsa04918,TTR,gene_7276,1961
hsa04918,SERPINA7,gene_6906,1959
hsa04919,ESR1,gene_2099,1967
hsa04919,KAT2B,gene_8850,1953
hsa04919,EP300,gene_2033,1975
hsa04919,ATP1B1,gene_481,1941
hsa04919,SRC,gene_6714,1970
hsa04920,TNF,gene_7124,1971
hsa04920,IKBKG,gene_8517,1947
hsa04920,NFKB1,gene_4790,1972
hsa04920,RELA,gene_5970,1925
hsa04920,ACSBG1,gene_23205,1968
hsa04920,LEP,gene_3952,1947
hsa04920,POMC,gene_5443,1946
hsa04920,PCK1,gene_5105,1965
hsa04920,PCK2,gene_5106,1963
hsa04920,G6PC1,gene_2538,1948
hsa04921,OXT,gene_5020,1929
hsa04921,EEF2,gene_1938,1970
hsa04921,CALM3,gene_808,1799
hsa04921,CALM1,gene_801,1979
hsa04921,NPPA,gene_4878,1964
hsa04921,MYLK,gene_4638,1974
hsa04921,ADCY1,gene_107,1962
hsa04921,GNAI1,gene_2770,1964
hsa04921,SRC,gene_6714,1970
hsa04922,PDE3B,gene_5140,1966
hsa04922,GCG,gene_2641,1947
hsa04922,EP300,gene_2033,1975
hsa04922,G6PC1,gene_2538,1948
hsa04922,PCK1,gene_5105,1965
hsa04922,PCK2,gene_5106,1963
hsa04922,CALM3,gene_808,1799
hsa04922,CALM1,gene_801,1979
hsa04922,PYGB,gene_5834,1968
hsa04922,GCK,gene_2645,1952
hsa04922,LDHA,gene_3939,1964
hsa04922,LDHB,gene_3945,1964
hsa04922,LDHC,gene_3948,1969
hsa04923,CGA,gene_1081,1974
hsa04923,TSHR,gene_7253,1974
hsa04923,ADRB1,gene_153,1975
hsa04923,ADRB2,gene_154,1967
hsa04923,ADCY1,gene_107,1962
hsa04923,NPPA,gene_4878,1964
hsa04923,INS,gene_3630,1922
hsa04923,INSR,gene_3643,1962
hsa04923,PDE3B,gene_5140,1966
hsa04923,GNAI1,gene_2770,1964
hsa04924,ADRB1,gene_153,1975
hsa04924,ADRB2,gene_154,1967
hsa04924,PDE3B,gene_5140,1966
hsa04924,REN,gene_5972,1940
hsa04924,GNAI1,gene_2770,1964
hsa04924,CALM3,gene_808,1799
hsa04924,CALM1,gene_801,1979
hsa04924,NPPA,gene_4878,1964
hsa04924,CTSB,gene_1508,1957
hsa04924,AGT,gene_183,1958
hsa04924,ACE,gene_1636,1949
hsa04925,AGT,gene_183,1958
hsa04925,ATP1B1,gene_481,1941
hsa04925,CALM3,gene_808,1799
hsa04925,CALM1,gene_801,1979
hsa04925,LDLR,gene_3949,1948
hsa04925,POMC,gene_5443,1946
hsa04925,ADCY1,gene_107,1962
hsa04925,STAR,gene_6770,1886
hsa04925,NR4A1,gene_3164,1954
hsa04925,NPPA,gene_4878,1964
hsa04927,POMC,gene_5443,1946
hsa04927,MRAP,gene_56246,1975
hsa04927,ADCY1,gene_107,1962
hsa04927,NR5A1,gene_2516,1976
hsa04927,NR4A1,gene_3164,1954
hsa04927,STAR,gene_6770,1886
hsa04927,AGT,gene_183,1958
hsa04927,LDLR,gene_3949,1948
hsa04928,GNAI1,gene_2770,1964
hsa04928,ADCY1,gene_107,1962
hsa04928,PTH,gene_5741,1925
hsa04930,INS,gene_3630,1922
hsa04930,INSR,gene_3643,1962
hsa04930,SOCS1,gene_8651,1946
hsa04930,SOCS2,gene_8835,1948
hsa04930,TNF,gene_7124,1971
hsa04930,HK1,gene_3098,1945
hsa04930,GCK,gene_2645,1952
hsa04934,CRH,gene_1392,1956
hsa04934,ADCY1,gene_107,1962
hsa04934,CDKN2B,gene_1030,1950
hsa04934,CDKN2A,gene_1029,1971
hsa04934,RB1,gene_5925,1947
hsa04934,GNAI1,gene_2770,1964
hsa04934,NR4A1,gene_3164,1954
hsa04934,POMC,gene_5443,1946
hsa04934,MRAP,gene_56246,1975
hsa04934,NR5A1,gene_2516,1976
hsa04934,STAR,gene_6770,1886
hsa04934,AGT,gene_183,1958
hsa04934,LDLR,gene_3949,1948
hsa04934,FH,gene_2271,1928
hsa04934,WNT2,gene_7472,1967
hsa04934,APC,gene_324,1955
hsa04940,INS,gene_3630,1922
hsa04940,GAD1,gene_2571,1969
hsa04940,CPE,gene_1363,1956
hsa04940,IL2,gene_3558,1973
hsa04940,HLA-A,gene_3105,1968
hsa04940,HLA-B,gene_3106,1975
hsa04940,HLA-C,gene_3107,1976
hsa04940,TNF,gene_7124,1971
hsa04960,ATP1B1,gene_481,1941
hsa04960,INS,gene_3630,1922
hsa04960,IGF1,gene_3479,1974
hsa04960,INSR,gene_3643,1962
hsa04961,PTH,gene_5741,1925
hsa04961,ESR1,gene_2099,1967
hsa04961,ATP1B1,gene_481,1941
hsa04962,AVP,gene_551,1929
hsa04962,DYNLL1,gene_8655,1785
hsa04962,DCTN6,gene_10671,1974
hsa04962,NSF,gene_4905,1946
hsa04964,CA2,gene_760,1952
hsa04964,ATP1B1,gene_481,1941
hsa04964,GLS2,gene_27165,1949
hsa04964,GLS,gene_2744,1948
hsa04964,GLUD1,gene_2746,1972
hsa04964,PCK1,gene_5105,1965
hsa04964,PCK2,gene_5106,1963
hsa04966,CA2,gene_760,1952
hsa04966,TCIRG1,gene_10312,1948
hsa04966,ATP6V0A2,gene_23545,1946
hsa04966,SLC4A1,gene_6521,1946
hsa04970,ADRB1,gene_153,1975
hsa04970,ADRB2,gene_154,1967
hsa04970,ADCY1,gene_107,1962
hsa04970,ADRA1D,gene_146,1963
hsa04970,CALM3,gene_808,1799
hsa04970,CALM1,gene_801,1979
hsa04970,ATP1B1,gene_481,1941
hsa04970,MUC5AC,gene_4586,1946
hsa04970,AMY2A,gene_279,1948
hsa04970,AMY1A,gene_276,1937
hsa04970,STATH,gene_6779,1946
hsa04970,LYZ,gene_4069,1928
hsa04970,LPO,gene_4025,1957
hsa04970,CAMP,gene_820,1799
hsa04971,GAST,gene_2520,1860
hsa04971,CALM3,gene_808,1799
hsa04971,CALM1,gene_801,1979
hsa04971,MYLK,gene_4638,1974
hsa04971,HRH2,gene_3274,1972
hsa04971,ADCY1,gene_107,1962
hsa04971,SST,gene_6750,1962
hsa04971,GNAI1,gene_2770,1964
hsa04971,ATP1B1,gene_481,1941
hsa04971,CA2,gene_760,1952
hsa04972,CCK,gene_885,1946
hsa04972,AMY2A,gene_279,1948
hsa04972,AMY1A,gene_276,1937
hsa04972,PRSS1,gene_5644,1970
hsa04972,CPA1,gene_1357,1952
hsa04972,CPB1,gene_1360,1947
hsa04972,PNLIP,gene_5406,1927
hsa04972,CEL,gene_1056,1948
hsa04972,PLA2G1B,gene_5319,1967
hsa04972,ATP1B1,gene_481,1941
hsa04972,SCT,gene_6343,1906
hsa04972,ADCY1,gene_107,1962
hsa04972,CA2,gene_760,1952
hsa04973,AMY2A,gene_279,1948
hsa04973,AMY1A,gene_276,1937
hsa04973,LCT,gene_3938,1804
hsa04973,SI,gene_6476,1940
hsa04973,ATP1B1,gene_481,1941
hsa04973,HK1,gene_3098,1945
hsa04973,G6PC1,gene_2538,1948
hsa04974,PRSS1,gene_5644,1970
hsa04974,CPA1,gene_1357,1952
hsa04974,CPB1,gene_1360,1947
hsa04974,ATP1B1,gene_481,1941
hsa04974,MME,gene_4311,1919
hsa04974,ELN,gene_2006,1925
hsa04974,COL1A2,gene_1278,1976
hsa04975,PNLIP,gene_5406,1927
hsa04975,CEL,gene_1056,1948
hsa04975,PLA2G1B,gene_5319,1967
hsa04975,CLPS,gene_1208,1971
hsa04975,APOB,gene_338,1970
hsa04975,APOA1,gene_335,1972
hsa04975,ABCA1,gene_19,1964
hsa04976,HMGCR,gene_3156,1970
hsa04976,LDLR,gene_3949,1948
hsa04976,CYP7A1,gene_1581,1968
hsa04976,SULT2A1,gene_6822,1971
hsa04976,CA2,gene_760,1952
hsa04976,ATP1B1,gene_481,1941
hsa04976,SCT,gene_6343,1906
hsa04976,ADCY1,gene_107,1962
hsa04978,ATP1B1,gene_481,1941
hsa04978,HMOX2,gene_3163,1975
hsa04978,FTH1,gene_2495,1942
hsa04978,TF,gene_7018,1948
hsa04979,ABCA1,gene_19,1964
hsa04979,APOA1,gene_335,1972
hsa04979,LPL,gene_4023,1956
hsa04979,LCAT,gene_3931,1966
hsa04979,LIPC,gene_3990,1961
hsa04979,LPA,gene_4018,1949
hsa04979,LDLR,gene_3949,1948
hsa04979,APOC1,gene_341,1975
hsa04979,APOC2,gene_344,1975
hsa04979,APOB,gene_338,1970
hsa04979,APOE,gene_348,1961
hsa04979,LRPAP1,gene_4043,1962
hsa04979,LIPA,gene_3988,1967
hsa04979,CYP27A1,gene_1593,1973
hsa04979,STAR,gene_6770,1886
hsa04979,CYP7A1,gene_1581,1968
hsa04979,APOA2,gene_336,1972
hsa04979,APOC3,gene_345,1974
hsa05010,APP,gene_351,1928
hsa05010,GAPDH,gene_2597,1952
hsa05010,BACE2,gene_25825,1947
hsa05010,IDE,gene_3416,1938
hsa05010,MME,gene_4311,1919
hsa05010,MAPT,gene_4137,1925
hsa05010,ND1,gene_4535,1971
hsa05010,NDUFA5,gene_4698,1948
hsa05010,NDUFB3,gene_4709,1948
hsa05010,NDUFB4,gene_4710,1956
hsa05010,NDUFB7,gene_4713,1957
hsa05010,SDHB,gene_6390,1962
hsa05010,CYTB,gene_4519,1948
hsa05010,CYC1,gene_1537,1949
hsa05010,COX3,gene_4514,1967
hsa05010,COX2,gene_4513,1965
hsa05010,COX8A,gene_1351,1806
hsa05010,ATP5F1E,gene_514,1960
hsa05010,SLC25A6,gene_293,1898
hsa05010,LPL,gene_4023,1956
hsa05010,APOE,gene_348,1961
hsa05010,BID,gene_637,1951
hsa05010,CALM3,gene_808,1799
hsa05010,CALM1,gene_801,1979
hsa05010,CYCS,gene_54205,1939
hsa05010,CHRM1,gene_1128,1970
hsa05010,DDIT3,gene_1649,1976
hsa05010,EIF2S1,gene_1965,1977
hsa05010,WNT2,gene_7472,1967
hsa05010,CSNK2B,gene_1460,1952
hsa05010,APC,gene_324,1955
hsa05010,AGER,gene_177,1786
hsa05010,RELA,gene_5970,1925
hsa05010,NFKB1,gene_4790,1972
hsa05010,TNF,gene_7124,1971
hsa05010,IKBKG,gene_8517,1947
hsa05010,INS,gene_3630,1922
hsa05010,INSR,gene_3643,1962
hsa05012,GNAI1,gene_2770,1964
hsa05012,CALM3,gene_808,1799
hsa05012,CALM1,gene_801,1979
hsa05012,MAPT,gene_4137,1925
hsa05012,DDIT3,gene_1649,1976
hsa05012,EIF2S1,gene_1965,1977
hsa05012,TH,gene_7054,1965
hsa05012,MAOB,gene_4129,1928
hsa05012,MAOA,gene_4128,1978
hsa05012,SLC6A3,gene_6531,1960
hsa05012,ND1,gene_4535,1971
hsa05012,NDUFA5,gene_4698,1948
hsa05012,NDUFB3,gene_4709,1948
hsa05012,NDUFB4,gene_4710,1956
hsa05012,NDUFB7,gene_4713,1957
hsa05012,SDHB,gene_6390,1962
hsa05012,CYTB,gene_4519,1948
hsa05012,CYC1,gene_1537,1949
hsa05012,COX3,gene_4514,1967
hsa05012,COX2,gene_4513,1965
hsa05012,COX8A,gene_1351,1806
hsa05012,ATP5F1E,gene_514,1960
hsa05012,SLC25A6,gene_293,1898
hsa05012,CYCS,gene_54205,1939
hsa05012,TXN,gene_7295,1967
hsa05012,SOD1,gene_6647,1958
hsa05014,BID,gene_637,1951
hsa05014,CYCS,gene_54205,1939
hsa05014,SOD1,gene_6647,1958
hsa05014,ND1,gene_4535,1971
hsa05014,NDUFA5,gene_4698,1948
hsa05014,NDUFB3,gene_4709,1948
hsa05014,NDUFB4,gene_4710,1956
hsa05014,NDUFB7,gene_4713,1957
hsa05014,SDHB,gene_6390,1962
hsa05014,CYTB,gene_4519,1948
hsa05014,CYC1,gene_1537,1949
hsa05014,COX3,gene_4514,1967
hsa05014,COX2,gene_4513,1965
hsa05014,COX8A,gene_1351,1806
hsa05014,ATP5F1E,gene_514,1960
hsa05014,TBK1,gene_29110,1947
hsa05014,NXF1,gene_10482,1897
hsa05014,DDIT3,gene_1649,1976
hsa05014,EIF2S1,gene_1965,1977
hsa05014,TNF,gene_7124,1971
hsa05014,CAT,gene_847,1876
hsa05014,DCTN6,gene_10671,1974
hsa05014,DNAH8,gene_1769,1945
hsa05022,APP,gene_351,1928
hsa05022,MAPT,gene_4137,1925
hsa05022,SOD1,gene_6647,1958
hsa05022,ATXN1L,gene_342371,1827
hsa05022,PRNP,gene_5621,1957
hsa05022,CHRM1,gene_1128,1970
hsa05022,PDYN,gene_5173,1976
hsa05022,DDIT3,gene_1649,1976
hsa05022,EIF2S1,gene_1965,1977
hsa05022,SLC6A3,gene_6531,1960
hsa05022,ND1,gene_4535,1971
hsa05022,NDUFA5,gene_4698,1948
hsa05022,NDUFB3,gene_4709,1948
hsa05022,NDUFB4,gene_4710,1956
hsa05022,NDUFB7,gene_4713,1957
hsa05022,SDHB,gene_6390,1962
hsa05022,CYTB,gene_4519,1948
hsa05022,CYC1,gene_1537,1949
hsa05022,COX3,gene_4514,1967
hsa05022,COX2,gene_4513,1965
hsa05022,COX8A,gene_1351,1806
hsa05022,ATP5F1E,gene_514,1960
hsa05022,CALM3,gene_808,1799
hsa05022,CALM1,gene_801,1979
hsa05022,BID,gene_637,1951
hsa05022,SLC25A6,gene_293,1898
hsa05022,CYCS,gene_54205,1939
hsa05022,TBK1,gene_29110,1947
hsa05022,TNF,gene_7124,1971
hsa05022,CAT,gene_847,1876
hsa05022,CSNK2B,gene_1460,1952
hsa05022,DCTN6,gene_10671,1974
hsa05022,DNAH8,gene_1769,1945
hsa05022,WNT2,gene_7472,1967
hsa05022,APC,gene_324,1955
hsa05022,AGER,gene_177,1786
hsa05022,RELA,gene_5970,1925
hsa05022,NFKB1,gene_4790,1972
hsa05030,TH,gene_7054,1965
hsa05030,DDC,gene_1644,1947
hsa05030,MAOB,gene_4129,1928
hsa05030,MAOA,gene_4128,1978
hsa05030,SLC6A3,gene_6531,1960
hsa05030,GNAI1,gene_2770,1964
hsa05030,PDYN,gene_5173,1976
hsa05030,NFKB1,gene_4790,1972
hsa05030,RELA,gene_5970,1925
hsa05031,TH,gene_7054,1965
hsa05031,DDC,gene_1644,1947
hsa05031,MAOB,gene_4129,1928
hsa05031,MAOA,gene_4128,1978
hsa05031,SLC6A3,gene_6531,1960
hsa05031,CALM3,gene_808,1799
hsa05031,CALM1,gene_801,1979
hsa05031,PDYN,gene_5173,1976
hsa05031,ARC,gene_23237,1903
hsa05032,ADCY1,gene_107,1962
hsa05032,GNAI1,gene_2770,1964
hsa05032,PDE3B,gene_5140,1966
hsa05171,ACE,gene_1636,1949
hsa05171,NFKB1,gene_4790,1972
hsa05171,RELA,gene_5970,1925
hsa05171,TNF,gene_7124,1971
hsa05171,CXCL8,gene_3576,1921
hsa05171,IL2,gene_3558,1973
hsa05171,CSF2,gene_1437,1946
hsa05171,RPS20,gene_6224,1975
hsa05171,RPL12,gene_6136,1956
hsa05171,IGH,gene_102723407,1968
hsa05171,IKBKG,gene_8517,1947
hsa05171,NLRP3,gene_114548,1969
hsa05171,TBK1,gene_29110,1947
hsa05171,IFNA1,gene_3439,1980
hsa05171,IFNB1,gene_3456,1975
hsa05171,C5AR1,gene_728,1969
hsa05171,C3,gene_718,1953
hsa05171,CFB,gene_629,1968
hsa05171,CFD,gene_1675,1905
hsa05171,C5,gene_727,1966
hsa05171,C6,gene_729,1953
hsa05171,C7,gene_730,1964
hsa05171,C9,gene_735,1972
hsa05171,VWF,gene_7450,1970
hsa05171,C1QA,gene_712,1970
hsa05171,C1R,gene_715,1969
hsa05171,C1S,gene_716,1960
hsa05171,C2,gene_717,1953
hsa05171,C4A,gene_720,1962
hsa05171,C4B,gene_721,1974
hsa05171,F2,gene_2147,1913
hsa05171,F13A1,gene_2162,1964
hsa05171,FGB,gene_2244,1868
hsa05200,APC,gene_324,1955
hsa05200,WNT2,gene_7472,1967
hsa05200,F2,gene_2147,1913
hsa05200,AGT,gene_183,1958
hsa05200,F2R,gene_2149,1889
hsa05200,GNAI1,gene_2770,1964
hsa05200,ADCY1,gene_107,1962
hsa05200,FN1,gene_2335,1951
hsa05200,PTEN,gene_5728,1800
hsa05200,IKBKG,gene_8517,1947
hsa05200,NFKB1,gene_4790,1972
hsa05200,RELA,gene_5970,1925
hsa05200,CBL,gene_867,1968
hsa05200,STAT5A,gene_6776,1931
hsa05200,PIM1,gene_5292,1975
hsa05200,KNG1,gene_3827,1949
hsa05200,IL2,gene_3558,1973
hsa05200,EPO,gene_2056,1955
hsa05200,IFNA1,gene_3439,1980
hsa05200,TGFA,gene_7039,1967
hsa05200,EGF,gene_1950,1964
hsa05200,IGF1,gene_3479,1974
hsa05200,KIT,gene_3815,1885
hsa05200,CXCL8,gene_3576,1921
hsa05200,RET,gene_5979,1926
hsa05200,CALM3,gene_808,1799
hsa05200,CALM1,gene_801,1979
hsa05200,ESR1,gene_2099,1967
hsa05200,ESR2,gene_2100,1915
hsa05200,PML,gene_5371,1963
hsa05200,SPI1,gene_6688,1855
hsa05200,CDKN2A,gene_1029,1971
hsa05200,CDKN2B,gene_1030,1950
hsa05200,RB1,gene_5925,1947
hsa05200,TERT,gene_7015,1897
hsa05200,RAD51,gene_5888,1968
hsa05200,BID,gene_637,1951
hsa05200,PMAIP1,gene_5366,1947
hsa05200,CYCS,gene_54205,1939
hsa05200,NQO1,gene_1728,1959
hsa05200,GSTM1,gene_2944,1964
hsa05200,TXNRD1,gene_7296,1964
hsa05200,FH,gene_2271,1928
hsa05200,EP300,gene_2033,1975
hsa05200,DLL4,gene_54567,1947
hsa05200,GLI1,gene_2735,1903
hsa05200,HHIP,gene_64399,1807
hsa05200,AR,gene_367,1970
hsa05202,MPO,gene_4353,1958
hsa05202,CSF2,gene_1437,1946
hsa05202,PER2,gene_8864,1955
hsa05202,SPI1,gene_6688,1855
hsa05202,FCGR1A,gene_2209,1977
hsa05202,PML,gene_5371,1963
hsa05202,BCL2A1,gene_597,1948
hsa05202,ETV6,gene_2120,1946
hsa05202,ELANE,gene_1991,1968
hsa05202,HHEX,gene_3087,1953
hsa05202,IGH,gene_102723407,1968
hsa05202,MAF,gene_4094,1969
hsa05202,PAX5,gene_5079,1948
hsa05202,ERG,gene_2078,1947
hsa05202,PLAT,gene_5327,1962
hsa05202,IGF1,gene_3479,1974
hsa05202,ATM,gene_472,1959
hsa05202,DDIT3,gene_1649,1976
hsa05202,NFKB1,gene_4790,1972
hsa05202,RELA,gene_5970,1925
hsa05202,CXCL8,gene_3576,1921
hsa05205,SRC,gene_6714,1970
hsa05205,ESR1,gene_2099,1967
hsa05205,FLNC,gene_2318,1977
hsa05205,IGF1,gene_3479,1974
hsa05205,TNF,gene_7124,1971
hsa05205,CBL,gene_867,1968
hsa05205,COL1A2,gene_1278,1976
hsa05205,VTN,gene_7448,1966
hsa05205,FN1,gene_2335,1951
hsa05205,WNT2,gene_7472,1967
hsa05205,HSPG2,gene_3339,1916
hsa05206,PTEN,gene_5728,1800
hsa05206,PIM1,gene_5292,1975
hsa05206,EP300,gene_2033,1975
hsa05206,TPM1,gene_7168,1974
hsa05206,CYP1B1,gene_1545,1969
hsa05206,APC,gene_324,1955
hsa05206,ATM,gene_472,1959
hsa05206,SOCS1,gene_8651,1946
hsa05206,TNC,gene_3371,1973
hsa05206,NFKB1,gene_4790,1972
hsa05206,CDKN2A,gene_1029,1971
hsa05206,BMPR2,gene_659,1872
hsa05206,GLS2,gene_27165,1949
hsa05206,GLS,gene_2744,1948
hsa05206,VIM,gene_7431,1950
hsa05210,APC,gene_324,1955
hsa05210,PMAIP1,gene_5366,1947
hsa05210,CYCS,gene_54205,1939
hsa05210,EGF,gene_1950,1964
hsa05210,TGFA,gene_7039,1967
hsa05210,EREG,gene_2069,1959
hsa05215,RB1,gene_5925,1947
hsa05215,ERG,gene_2078,1947
hsa05215,PLAT,gene_5327,1962
hsa05215,INS,gene_3630,1922
hsa05215,EGF,gene_1950,1964
hsa05215,TGFA,gene_7039,1967
hsa05215,IGF1,gene_3479,1974
hsa05215,PTEN,gene_5728,1800
hsa05215,EP300,gene_2033,1975
hsa05215,IKBKG,gene_8517,1947
hsa05215,NFKB1,gene_4790,1972
hsa05215,RELA,gene_5970,1925
hsa05215,AR,gene_367,1970
hsa05216,RET,gene_5979,1926
hsa05217,GLI1,gene_2735,1903
hsa05217,HHIP,gene_64399,1807
hsa05217,WNT2,gene_7472,1967
hsa05217,APC,gene_324,1955
hsa05218,IGF1,gene_3479,1974
hsa05218,EGF,gene_1950,1964
hsa05218,PTEN,gene_5728,1800
hsa05218,CDKN2A,gene_1029,1971
hsa05218,RB1,gene_5925,1947
hsa05220,CBL,gene_867,1968
hsa05220,IKBKG,gene_8517,1947
hsa05220,NFKB1,gene_4790,1972
hsa05220,RELA,gene_5970,1925
hsa05220,STAT5A,gene_6776,1931
hsa05220,CDKN2A,gene_1029,1971
hsa05220,RB1,gene_5925,1947
hsa05221,KIT,gene_3815,1885
hsa05221,IKBKG,gene_8517,1947
hsa05221,NFKB1,gene_4790,1972
hsa05221,RELA,gene_5970,1925
hsa05221,STAT5A,gene_6776,1931
hsa05221,PIM1,gene_5292,1975
hsa05221,MPO,gene_4353,1958
hsa05221,CSF2,gene_1437,1946
hsa05221,PML,gene_5371,1963
hsa05221,PER2,gene_8864,1955
hsa05221,SPI1,gene_6688,1855
hsa05221,FCGR1A,gene_2209,1977
hsa05221,BCL2A1,gene_597,1948
hsa05223,CDKN2A,gene_1029,1971
hsa05223,RB1,gene_5925,1947
hsa05223,EGF,gene_1950,1964
hsa05223,TGFA,gene_7039,1967
hsa05223,RET,gene_5979,1926
hsa05223,STAT5A,gene_6776,1931
hsa05224,ESR1,gene_2099,1967
hsa05224,ESR2,gene_2100,1915
hsa05224,PGR,gene_5241,1947
hsa05224,IGF1,gene_3479,1974
hsa05224,EGF,gene_1950,1964
hsa05224,KIT,gene_3815,1885
hsa05224,PTEN,gene_5728,1800
hsa05224,DLL4,gene_54567,1947
hsa05224,WNT2,gene_7472,1967
hsa05224,APC,gene_324,1955
hsa05224,RB1,gene_5925,1947
hsa05225,TGFA,gene_7039,1967
hsa05225,PTEN,gene_5728,1800
hsa05225,RB1,gene_5925,1947
hsa05225,TERT,gene_7015,1897
hsa05225,CDKN2A,gene_1029,1971
hsa05225,WNT2,gene_7472,1967
hsa05225,APC,gene_324,1955
hsa05225,NQO1,gene_1728,1959
hsa05225,GSTM1,gene_2944,1964
hsa05225,TXNRD1,gene_7296,1964
hsa05225,ARID1A,gene_8289,1822
hsa05225,SMARCA4,gene_6597,1964
hsa05230,GCK,gene_2645,1952
hsa05230,KIT,gene_3815,1885
hsa05230,RET,gene_5979,1926
hsa05230,GLS2,gene_27165,1949
hsa05230,GLS,gene_2744,1948
hsa05230,G6PD,gene_2539,1952
hsa05230,HK1,gene_3098,1945
hsa05230,LDHA,gene_3939,1964
hsa05230,LDHB,gene_3945,1964
hsa05230,LDHC,gene_3948,1969
hsa05230,PTEN,gene_5728,1800
hsa05320,IFNA1,gene_3439,1980
hsa05320,TPO,gene_7173,1959
hsa05320,TG,gene_7038,1925
hsa05320,IL2,gene_3558,1973
hsa05320,HLA-A,gene_3105,1968
hsa05320,HLA-B,gene_3106,1975
hsa05320,HLA-C,gene_3107,1976
hsa05320,IGH,gene_102723407,1968
hsa05320,TSHR,gene_7253,1974
hsa05320,CGA,gene_1081,1974
hsa05323,IGH,gene_102723407,1968
hsa05323,TNF,gene_7124,1971
hsa05323,PTH,gene_5741,1925
hsa05323,TCIRG1,gene_10312,1948
hsa05323,ATP6V0A2,gene_23545,1946
hsa05323,ATP6AP1,gene_537,1959
hsa05323,CSF2,gene_1437,1946
hsa05323,CXCL8,gene_3576,1921
hsa05414,DES,gene_1674,1940
hsa05414,TPM1,gene_7168,1974
hsa05414,IGH,gene_102723407,1968
hsa05414,ADRB1,gene_153,1975
hsa05414,ADCY1,gene_107,1962
hsa05414,IGF1,gene_3479,1974
hsa05414,TNF,gene_7124,1971
hsa05414,AGT,gene_183,1958
